{
    "unknown": 0.0,
    "ann": 1.3877787807814457e-16,
    "cindy": 15.106016794688621,
    "james": 1.3877787807814457e-16
}