{
    "unknown": 0.5673305836003932,
    "james": 0.22243637095617236
}