{
    "unknown": 0.0,
    "ann": 1.3877787807814457e-16,
    "cindy": 12.95852539810662,
    "james": 1.3877787807814457e-16
}